SHBLON,SHBLAT,EHBLON,EHBLAT,count
-74.011219,40.71354,-0.127738,51.507425,42